1,"{datetime.datetime(2024, 3, 10, 21, 34, 17, 471989)}"
0,"{datetime.datetime(2024, 3, 10, 21, 34, 25, 902593)}"
1,"{datetime.datetime(2024, 3, 10, 21, 34, 47, 426991)}"
0,"{datetime.datetime(2024, 3, 10, 21, 34, 51, 92594)}"
1,"{datetime.datetime(2024, 3, 10, 21, 38, 5, 493424)}"
0,"{datetime.datetime(2024, 3, 10, 21, 38, 10, 180917)}"
1,"{datetime.datetime(2024, 3, 12, 15, 30, 11, 307319)}"
1,"{datetime.datetime(2024, 3, 12, 15, 31, 14, 424516)}"
0,"{datetime.datetime(2024, 3, 12, 15, 32, 19, 214258)}"
1,"{datetime.datetime(2024, 3, 12, 15, 33, 19, 775558)}"
0,"{datetime.datetime(2024, 3, 12, 15, 33, 27, 462028)}"
1,"{datetime.datetime(2024, 3, 12, 15, 33, 47, 461328)}"
0,"{datetime.datetime(2024, 3, 12, 15, 34, 13, 366090)}"
1,"{datetime.datetime(2024, 3, 12, 15, 36, 38, 954596)}"
0,"{datetime.datetime(2024, 3, 12, 15, 37, 9, 648461)}"
1,"{datetime.datetime(2024, 3, 12, 15, 39, 56, 28402)}"
0,"{datetime.datetime(2024, 3, 12, 15, 40, 5, 535694)}"
1,"{datetime.datetime(2024, 3, 12, 15, 48, 28, 655966)}"
0,"{datetime.datetime(2024, 3, 12, 15, 48, 38, 168630)}"
1,"{datetime.datetime(2024, 3, 12, 16, 1, 31, 106718)}"
0,"{datetime.datetime(2024, 3, 12, 16, 1, 42, 522506)}"
1,"{datetime.datetime(2024, 3, 12, 16, 1, 50, 189386)}"
0,"{datetime.datetime(2024, 3, 12, 16, 1, 59, 767839)}"
1,"{datetime.datetime(2024, 3, 12, 16, 20, 46, 334043)}"
0,"{datetime.datetime(2024, 3, 12, 16, 21, 22, 687572)}"
1,"{datetime.datetime(2024, 3, 12, 16, 56, 52, 356161)}"
0,"{datetime.datetime(2024, 3, 12, 16, 57, 9, 577796)}"
1,"{datetime.datetime(2024, 3, 12, 16, 57, 27, 748106)}"
0,"{datetime.datetime(2024, 3, 12, 16, 57, 36, 356339)}"
1,"{datetime.datetime(2024, 3, 12, 17, 2, 12, 427927)}"
0,"{datetime.datetime(2024, 3, 12, 17, 2, 17, 172773)}"
1,"{datetime.datetime(2024, 3, 12, 18, 1, 42, 169607)}"
0,"{datetime.datetime(2024, 3, 12, 18, 1, 54, 510094)}"
1,"{datetime.datetime(2024, 3, 12, 19, 6, 48, 515857)}"
0,"{datetime.datetime(2024, 3, 12, 19, 6, 56, 170284)}"
1,"{datetime.datetime(2024, 3, 12, 19, 7, 26, 776624)}"
0,"{datetime.datetime(2024, 3, 12, 19, 8, 4, 750943)}"
1,"{datetime.datetime(2024, 3, 12, 19, 10, 11, 776544)}"
0,"{datetime.datetime(2024, 3, 12, 19, 10, 31, 874115)}"
1,"{datetime.datetime(2024, 3, 12, 19, 24, 12, 592912)}"
0,"{datetime.datetime(2024, 3, 12, 19, 25, 4, 238040)}"
1,"{datetime.datetime(2024, 3, 12, 19, 42, 40, 916064)}"
0,"{datetime.datetime(2024, 3, 12, 19, 43, 5, 809238)}"
1,"{datetime.datetime(2024, 3, 12, 19, 51, 35, 30848)}"
0,"{datetime.datetime(2024, 3, 12, 19, 51, 53, 72302)}"
1,"{datetime.datetime(2024, 3, 12, 19, 52, 22, 508542)}"
0,"{datetime.datetime(2024, 3, 12, 19, 52, 29, 154834)}"
1,"{datetime.datetime(2024, 3, 12, 19, 52, 32, 952829)}"
0,"{datetime.datetime(2024, 3, 12, 19, 52, 50, 995596)}"
1,"{datetime.datetime(2024, 3, 12, 19, 52, 54, 794107)}"
0,"{datetime.datetime(2024, 3, 12, 19, 53, 15, 684146)}"
1,"{datetime.datetime(2024, 3, 12, 22, 13, 31, 623864)}"
0,"{datetime.datetime(2024, 3, 12, 22, 13, 43, 114608)}"
1,"{datetime.datetime(2024, 3, 12, 22, 17, 34, 245393)}"
0,"{datetime.datetime(2024, 3, 12, 22, 18, 44, 566736)}"
1,"{datetime.datetime(2024, 3, 12, 22, 20, 19, 254724)}"
0,"{datetime.datetime(2024, 3, 12, 22, 20, 37, 432779)}"
1,"{datetime.datetime(2024, 3, 12, 23, 8, 27, 68263)}"
0,"{datetime.datetime(2024, 3, 12, 23, 8, 36, 377648)}"
1,"{datetime.datetime(2024, 3, 12, 23, 18, 18, 969376)}"
0,"{datetime.datetime(2024, 3, 12, 23, 18, 40, 19887)}"
1,"{datetime.datetime(2024, 3, 12, 23, 31, 32, 318784)}"
0,"{datetime.datetime(2024, 3, 12, 23, 31, 44, 782579)}"
1,"{datetime.datetime(2024, 3, 12, 23, 46, 2, 510020)}"
0,"{datetime.datetime(2024, 3, 12, 23, 46, 8, 261763)}"
1,"{datetime.datetime(2024, 3, 12, 23, 49, 26, 348096)}"
0,"{datetime.datetime(2024, 3, 12, 23, 49, 35, 933343)}"
1,"{datetime.datetime(2024, 3, 13, 1, 47, 30, 878947)}"
0,"{datetime.datetime(2024, 3, 13, 1, 47, 35, 678497)}"
1,"{datetime.datetime(2024, 3, 13, 1, 50, 2, 181667)}"
0,"{datetime.datetime(2024, 3, 13, 1, 50, 12, 639682)}"
1,"{datetime.datetime(2024, 3, 13, 1, 50, 24, 46571)}"
0,"{datetime.datetime(2024, 3, 13, 1, 50, 33, 623041)}"
1,"{datetime.datetime(2024, 3, 13, 2, 21, 48, 552278)}"
0,"{datetime.datetime(2024, 3, 13, 2, 21, 58, 50100)}"
1,"{datetime.datetime(2024, 3, 13, 2, 22, 3, 754551)}"
0,"{datetime.datetime(2024, 3, 13, 2, 22, 53, 514516)}"
1,"{datetime.datetime(2024, 3, 13, 2, 22, 57, 343487)}"
0,"{datetime.datetime(2024, 3, 13, 2, 23, 26, 788116)}"
1,"{datetime.datetime(2024, 3, 13, 2, 31, 40, 759581)}"
0,"{datetime.datetime(2024, 3, 13, 2, 31, 45, 508269)}"
1,"{datetime.datetime(2024, 3, 13, 2, 33, 58, 23627)}"
0,"{datetime.datetime(2024, 3, 13, 2, 34, 8, 547457)}"
1,"{datetime.datetime(2024, 3, 13, 2, 41, 13, 46162)}"
0,"{datetime.datetime(2024, 3, 13, 2, 41, 24, 535271)}"
1,"{datetime.datetime(2024, 3, 13, 2, 43, 53, 466432)}"
0,"{datetime.datetime(2024, 3, 13, 2, 43, 57, 298483)}"
1,"{datetime.datetime(2024, 3, 13, 2, 45, 26, 360603)}"
0,"{datetime.datetime(2024, 3, 13, 2, 45, 31, 147169)}"
1,"{datetime.datetime(2024, 3, 13, 2, 57, 28, 877829)}"
0,"{datetime.datetime(2024, 3, 13, 2, 57, 40, 364630)}"
1,"{datetime.datetime(2024, 3, 13, 2, 57, 51, 849799)}"
0,"{datetime.datetime(2024, 3, 13, 2, 58, 12, 908100)}"
1,"{datetime.datetime(2024, 3, 13, 2, 58, 56, 944253)}"
0,"{datetime.datetime(2024, 3, 13, 2, 59, 14, 175120)}"
1,"{datetime.datetime(2024, 3, 13, 3, 1, 21, 407909)}"
0,"{datetime.datetime(2024, 3, 13, 3, 1, 41, 354829)}"
1,"{datetime.datetime(2024, 3, 13, 3, 1, 52, 752541)}"
0,"{datetime.datetime(2024, 3, 13, 3, 2, 3, 203207)}"
1,"{datetime.datetime(2024, 3, 13, 3, 3, 7, 929379)}"
0,"{datetime.datetime(2024, 3, 13, 3, 3, 12, 679252)}"
1,"{datetime.datetime(2024, 3, 13, 6, 27, 32, 853980)}"
0,"{datetime.datetime(2024, 3, 13, 6, 28, 0, 388704)}"
1,"{datetime.datetime(2024, 3, 13, 6, 28, 15, 582682)}"
0,"{datetime.datetime(2024, 3, 13, 6, 28, 19, 380298)}"
1,"{datetime.datetime(2024, 3, 13, 6, 28, 23, 178674)}"
0,"{datetime.datetime(2024, 3, 13, 6, 28, 36, 544953)}"
1,"{datetime.datetime(2024, 3, 13, 6, 29, 12, 741611)}"
0,"{datetime.datetime(2024, 3, 13, 6, 29, 24, 185133)}"
1,"{datetime.datetime(2024, 3, 13, 7, 45, 32, 457811)}"
0,"{datetime.datetime(2024, 3, 13, 7, 45, 49, 685006)}"
1,"{datetime.datetime(2024, 3, 13, 7, 46, 3, 82765)}"
0,"{datetime.datetime(2024, 3, 13, 7, 46, 8, 831148)}"
1,"{datetime.datetime(2024, 3, 13, 7, 49, 35, 254927)}"
0,"{datetime.datetime(2024, 3, 13, 7, 49, 49, 525503)}"
1,"{datetime.datetime(2024, 3, 13, 8, 4, 38, 112370)}"
0,"{datetime.datetime(2024, 3, 13, 8, 5, 14, 379901)}"
1,"{datetime.datetime(2024, 3, 13, 8, 55, 58, 237148)}"
0,"{datetime.datetime(2024, 3, 13, 8, 56, 3, 26167)}"
1,"{datetime.datetime(2024, 3, 13, 8, 56, 57, 602344)}"
0,"{datetime.datetime(2024, 3, 13, 8, 57, 7, 181401)}"
1,"{datetime.datetime(2024, 3, 13, 10, 46, 18, 711705)}"
0,"{datetime.datetime(2024, 3, 13, 10, 46, 56, 998160)}"
1,"{datetime.datetime(2024, 3, 13, 10, 47, 38, 166331)}"
0,"{datetime.datetime(2024, 3, 13, 10, 47, 44, 871918)}"
1,"{datetime.datetime(2024, 3, 13, 10, 47, 57, 316601)}"
0,"{datetime.datetime(2024, 3, 13, 10, 48, 4, 936962)}"
1,"{datetime.datetime(2024, 3, 13, 10, 49, 15, 724366)}"
0,"{datetime.datetime(2024, 3, 13, 10, 49, 33, 917686)}"
1,"{datetime.datetime(2024, 3, 13, 10, 54, 22, 948677)}"
0,"{datetime.datetime(2024, 3, 13, 10, 54, 41, 144803)}"
1,"{datetime.datetime(2024, 3, 13, 10, 54, 47, 852023)}"
0,"{datetime.datetime(2024, 3, 13, 10, 55, 18, 500206)}"
1,"{datetime.datetime(2024, 3, 13, 10, 55, 32, 862992)}"
0,"{datetime.datetime(2024, 3, 13, 10, 55, 46, 272966)}"
1,"{datetime.datetime(2024, 3, 13, 10, 55, 56, 811389)}"
0,"{datetime.datetime(2024, 3, 13, 10, 56, 5, 431682)}"
1,"{datetime.datetime(2024, 3, 13, 10, 56, 21, 710830)}"
0,"{datetime.datetime(2024, 3, 13, 10, 56, 29, 371925)}"
1,"{datetime.datetime(2024, 3, 13, 10, 56, 45, 654362)}"
0,"{datetime.datetime(2024, 3, 13, 10, 56, 53, 313749)}"
1,"{datetime.datetime(2024, 3, 13, 10, 57, 4, 803256)}"
0,"{datetime.datetime(2024, 3, 13, 10, 57, 19, 164144)}"
1,"{datetime.datetime(2024, 3, 13, 10, 57, 28, 740964)}"
0,"{datetime.datetime(2024, 3, 13, 10, 57, 38, 314579)}"
1,"{datetime.datetime(2024, 3, 13, 10, 57, 48, 849157)}"
0,"{datetime.datetime(2024, 3, 13, 10, 58, 5, 127846)}"
1,"{datetime.datetime(2024, 3, 13, 10, 58, 30, 979316)}"
0,"{datetime.datetime(2024, 3, 13, 10, 58, 36, 724861)}"
1,"{datetime.datetime(2024, 3, 13, 10, 59, 35, 133325)}"
0,"{datetime.datetime(2024, 3, 13, 10, 59, 40, 881863)}"
1,"{datetime.datetime(2024, 3, 13, 11, 0, 8, 656938)}"
0,"{datetime.datetime(2024, 3, 13, 11, 0, 21, 108249)}"
1,"{datetime.datetime(2024, 3, 13, 11, 0, 50, 789474)}"
0,"{datetime.datetime(2024, 3, 13, 11, 0, 59, 407023)}"
1,"{datetime.datetime(2024, 3, 13, 11, 1, 4, 194630)}"
0,"{datetime.datetime(2024, 3, 13, 11, 1, 14, 729947)}"
1,"{datetime.datetime(2024, 3, 13, 11, 1, 36, 751794)}"
0,"{datetime.datetime(2024, 3, 13, 11, 1, 43, 456717)}"
1,"{datetime.datetime(2024, 3, 13, 11, 2, 10, 277149)}"
0,"{datetime.datetime(2024, 3, 13, 11, 2, 16, 979617)}"
1,"{datetime.datetime(2024, 3, 13, 11, 3, 11, 565541)}"
0,"{datetime.datetime(2024, 3, 13, 11, 3, 17, 309957)}"
1,"{datetime.datetime(2024, 3, 13, 11, 5, 37, 108006)}"
0,"{datetime.datetime(2024, 3, 13, 11, 5, 43, 812931)}"
1,"{datetime.datetime(2024, 3, 13, 11, 9, 42, 798109)}"
0,"{datetime.datetime(2024, 3, 13, 11, 9, 53, 247178)}"
1,"{datetime.datetime(2024, 3, 13, 11, 12, 7, 780854)}"
0,"{datetime.datetime(2024, 3, 13, 11, 12, 16, 398642)}"
1,"{datetime.datetime(2024, 3, 13, 11, 19, 1, 296056)}"
0,"{datetime.datetime(2024, 3, 13, 11, 33, 39, 750505)}"
1,"{datetime.datetime(2024, 3, 13, 11, 33, 43, 578837)}"
0,"{datetime.datetime(2024, 3, 13, 11, 34, 46, 739130)}"
1,"{datetime.datetime(2024, 3, 13, 11, 34, 57, 268546)}"
0,"{datetime.datetime(2024, 3, 13, 11, 35, 4, 925433)}"
1,"{datetime.datetime(2024, 3, 13, 11, 35, 10, 667319)}"
0,"{datetime.datetime(2024, 3, 13, 11, 36, 0, 427646)}"
1,"{datetime.datetime(2024, 3, 13, 11, 36, 4, 256014)}"
0,"{datetime.datetime(2024, 3, 13, 11, 36, 36, 642052)}"
1,"{datetime.datetime(2024, 3, 13, 11, 36, 40, 448684)}"
0,"{datetime.datetime(2024, 3, 13, 11, 36, 48, 7178)}"
1,"{datetime.datetime(2024, 3, 13, 11, 36, 58, 576949)}"
0,"{datetime.datetime(2024, 3, 13, 11, 37, 5, 336720)}"
1,"{datetime.datetime(2024, 3, 13, 11, 37, 9, 192215)}"
0,"{datetime.datetime(2024, 3, 13, 11, 37, 21, 933266)}"
1,"{datetime.datetime(2024, 3, 13, 11, 37, 26, 605458)}"
0,"{datetime.datetime(2024, 3, 13, 11, 37, 46, 569947)}"
1,"{datetime.datetime(2024, 3, 13, 11, 37, 52, 312890)}"
0,"{datetime.datetime(2024, 3, 13, 11, 37, 59, 44781)}"
1,"{datetime.datetime(2024, 3, 13, 11, 43, 51, 719690)}"
0,"{datetime.datetime(2024, 3, 13, 11, 44, 1, 308430)}"
1,"{datetime.datetime(2024, 3, 13, 11, 45, 1, 657870)}"
0,"{datetime.datetime(2024, 3, 13, 11, 45, 11, 165401)}"
1,"{datetime.datetime(2024, 3, 13, 11, 46, 57, 552854)}"
0,"{datetime.datetime(2024, 3, 13, 11, 47, 6, 179599)}"
1,"{datetime.datetime(2024, 3, 13, 12, 2, 57, 35739)}"
0,"{datetime.datetime(2024, 3, 13, 12, 3, 42, 692283)}"
1,"{datetime.datetime(2024, 3, 13, 12, 8, 14, 464382)}"
0,"{datetime.datetime(2024, 3, 13, 12, 8, 22, 135634)}"
1,"{datetime.datetime(2024, 3, 13, 12, 8, 27, 889301)}"
0,"{datetime.datetime(2024, 3, 13, 12, 8, 34, 600742)}"
1,"{datetime.datetime(2024, 3, 13, 12, 12, 9, 105072)}"
0,"{datetime.datetime(2024, 3, 13, 12, 12, 56, 848602)}"
1,"{datetime.datetime(2024, 3, 13, 12, 18, 46, 605412)}"
0,"{datetime.datetime(2024, 3, 13, 12, 18, 54, 278386)}"
1,"{datetime.datetime(2024, 3, 13, 12, 22, 14, 448830)}"
0,"{datetime.datetime(2024, 3, 13, 12, 22, 22, 941480)}"
1,"{datetime.datetime(2024, 3, 13, 12, 25, 25, 691388)}"
0,"{datetime.datetime(2024, 3, 13, 12, 26, 5, 673794)}"
1,"{datetime.datetime(2024, 3, 13, 12, 26, 59, 325754)}"
0,"{datetime.datetime(2024, 3, 13, 12, 27, 8, 901796)}"
1,"{datetime.datetime(2024, 3, 13, 14, 13, 19, 793407)}"
0,"{datetime.datetime(2024, 3, 13, 14, 13, 24, 541540)}"
1,"{datetime.datetime(2024, 3, 13, 14, 17, 25, 602900)}"
0,"{datetime.datetime(2024, 3, 13, 14, 18, 1, 13639)}"
1,"{datetime.datetime(2024, 3, 13, 14, 19, 37, 617468)}"
0,"{datetime.datetime(2024, 3, 13, 14, 19, 41, 446068)}"
1,"{datetime.datetime(2024, 3, 13, 14, 19, 47, 186098)}"
0,"{datetime.datetime(2024, 3, 13, 14, 20, 14, 8266)}"
1,"{datetime.datetime(2024, 3, 13, 14, 40, 40, 603738)}"
0,"{datetime.datetime(2024, 3, 13, 14, 40, 51, 140998)}"
1,"{datetime.datetime(2024, 3, 13, 14, 41, 11, 262676)}"
0,"{datetime.datetime(2024, 3, 13, 14, 41, 25, 641943)}"
1,"{datetime.datetime(2024, 3, 13, 14, 41, 48, 509370)}"
0,"{datetime.datetime(2024, 3, 13, 14, 41, 56, 105492)}"
1,"{datetime.datetime(2024, 3, 13, 15, 2, 28, 680111)}"
0,"{datetime.datetime(2024, 3, 13, 15, 3, 9, 871648)}"
1,"{datetime.datetime(2024, 3, 13, 15, 27, 44, 470130)}"
0,"{datetime.datetime(2024, 3, 13, 15, 27, 55, 965015)}"
1,"{datetime.datetime(2024, 3, 13, 15, 28, 7, 459317)}"
0,"{datetime.datetime(2024, 3, 13, 15, 28, 56, 186665)}"
1,"{datetime.datetime(2024, 3, 13, 15, 29, 1, 939478)}"
0,"{datetime.datetime(2024, 3, 13, 15, 29, 46, 976028)}"
1,"{datetime.datetime(2024, 3, 13, 15, 32, 24, 444979)}"
0,"{datetime.datetime(2024, 3, 13, 15, 32, 30, 196268)}"
1,"{datetime.datetime(2024, 3, 13, 15, 34, 17, 488252)}"
0,"{datetime.datetime(2024, 3, 13, 15, 34, 21, 319808)}"
1,"{datetime.datetime(2024, 3, 13, 15, 35, 4, 432569)}"
0,"{datetime.datetime(2024, 3, 13, 15, 35, 10, 179198)}"
1,"{datetime.datetime(2024, 3, 13, 15, 37, 47, 311452)}"
0,"{datetime.datetime(2024, 3, 13, 15, 37, 54, 978341)}"
1,"{datetime.datetime(2024, 3, 13, 15, 38, 2, 644323)}"
0,"{datetime.datetime(2024, 3, 13, 15, 38, 9, 354144)}"
1,"{datetime.datetime(2024, 3, 13, 15, 41, 27, 442346)}"
0,"{datetime.datetime(2024, 3, 13, 15, 41, 40, 852732)}"
1,"{datetime.datetime(2024, 3, 13, 15, 41, 45, 641911)}"
0,"{datetime.datetime(2024, 3, 13, 15, 41, 50, 431640)}"
1,"{datetime.datetime(2024, 3, 13, 15, 44, 33, 169050)}"
0,"{datetime.datetime(2024, 3, 13, 15, 44, 46, 579277)}"
1,"{datetime.datetime(2024, 3, 13, 15, 46, 0, 279200)}"
0,"{datetime.datetime(2024, 3, 13, 15, 46, 13, 693088)}"
1,"{datetime.datetime(2024, 3, 13, 15, 47, 9, 253671)}"
0,"{datetime.datetime(2024, 3, 13, 15, 47, 14, 34718)}"
1,"{datetime.datetime(2024, 3, 13, 15, 49, 10, 657116)}"
0,"{datetime.datetime(2024, 3, 13, 15, 49, 16, 406322)}"
1,"{datetime.datetime(2024, 3, 13, 15, 52, 40, 429259)}"
0,"{datetime.datetime(2024, 3, 13, 15, 53, 6, 285190)}"
1,"{datetime.datetime(2024, 3, 13, 15, 53, 15, 855342)}"
0,"{datetime.datetime(2024, 3, 13, 15, 53, 33, 883668)}"
1,"{datetime.datetime(2024, 3, 13, 15, 55, 51, 452179)}"
0,"{datetime.datetime(2024, 3, 13, 15, 55, 55, 284487)}"
1,"{datetime.datetime(2024, 3, 13, 15, 58, 5, 551773)}"
0,"{datetime.datetime(2024, 3, 13, 15, 58, 9, 383479)}"
1,"{datetime.datetime(2024, 3, 13, 15, 58, 23, 736021)}"
0,"{datetime.datetime(2024, 3, 13, 15, 58, 31, 330392)}"
1,"{datetime.datetime(2024, 3, 13, 16, 39, 45, 180358)}"
0,"{datetime.datetime(2024, 3, 13, 16, 40, 34, 987387)}"
1,"{datetime.datetime(2024, 3, 13, 16, 42, 28, 988936)}"
0,"{datetime.datetime(2024, 3, 13, 16, 42, 40, 485906)}"
1,"{datetime.datetime(2024, 3, 13, 16, 42, 59, 640919)}"
0,"{datetime.datetime(2024, 3, 13, 16, 43, 3, 474224)}"
1,"{datetime.datetime(2024, 3, 13, 16, 43, 24, 482335)}"
0,"{datetime.datetime(2024, 3, 13, 16, 43, 31, 127969)}"
1,"{datetime.datetime(2024, 3, 13, 16, 50, 26, 523776)}"
0,"{datetime.datetime(2024, 3, 13, 16, 50, 35, 66602)}"
1,"{datetime.datetime(2024, 3, 13, 16, 51, 28, 247341)}"
0,"{datetime.datetime(2024, 3, 13, 16, 51, 34, 896327)}"
1,"{datetime.datetime(2024, 3, 13, 19, 42, 38, 251046)}"
0,"{datetime.datetime(2024, 3, 13, 19, 42, 42, 77047)}"
1,"{datetime.datetime(2024, 3, 13, 19, 42, 45, 902296)}"
0,"{datetime.datetime(2024, 3, 13, 19, 43, 13, 660859)}"
1,"{datetime.datetime(2024, 3, 13, 19, 44, 19, 726599)}"
0,"{datetime.datetime(2024, 3, 13, 19, 44, 34, 96343)}"
1,"{datetime.datetime(2024, 3, 13, 19, 44, 42, 715865)}"
0,"{datetime.datetime(2024, 3, 13, 19, 44, 48, 463140)}"
1,"{datetime.datetime(2024, 3, 13, 19, 46, 39, 160665)}"
0,"{datetime.datetime(2024, 3, 13, 19, 46, 57, 210057)}"
1,"{datetime.datetime(2024, 3, 13, 19, 47, 1, 10133)}"
0,"{datetime.datetime(2024, 3, 13, 19, 47, 18, 106729)}"
1,"{datetime.datetime(2024, 3, 13, 19, 47, 21, 928919)}"
0,"{datetime.datetime(2024, 3, 13, 19, 47, 43, 965389)}"
1,"{datetime.datetime(2024, 3, 13, 19, 47, 47, 798984)}"
0,"{datetime.datetime(2024, 3, 13, 19, 48, 6, 9492)}"
1,"{datetime.datetime(2024, 3, 13, 19, 48, 16, 537024)}"
0,"{datetime.datetime(2024, 3, 13, 19, 49, 38, 870451)}"
1,"{datetime.datetime(2024, 3, 13, 19, 50, 20, 41737)}"
0,"{datetime.datetime(2024, 3, 13, 19, 50, 24, 829424)}"
1,"{datetime.datetime(2024, 3, 13, 19, 50, 30, 576060)}"
0,"{datetime.datetime(2024, 3, 13, 19, 51, 29, 726124)}"
1,"{datetime.datetime(2024, 3, 13, 19, 51, 35, 464598)}"
0,"{datetime.datetime(2024, 3, 13, 19, 51, 45, 29737)}"
1,"{datetime.datetime(2024, 3, 13, 19, 52, 6, 992121)}"
0,"{datetime.datetime(2024, 3, 13, 19, 52, 41, 479707)}"
1,"{datetime.datetime(2024, 3, 13, 19, 53, 1, 592508)}"
0,"{datetime.datetime(2024, 3, 13, 19, 53, 10, 212167)}"
1,"{datetime.datetime(2024, 3, 13, 19, 53, 16, 914392)}"
0,"{datetime.datetime(2024, 3, 13, 19, 53, 32, 241503)}"
1,"{datetime.datetime(2024, 3, 13, 19, 53, 45, 652200)}"
0,"{datetime.datetime(2024, 3, 13, 19, 53, 55, 226175)}"
1,"{datetime.datetime(2024, 3, 13, 19, 54, 30, 629653)}"
0,"{datetime.datetime(2024, 3, 13, 19, 54, 36, 326848)}"
1,"{datetime.datetime(2024, 3, 13, 19, 54, 42, 42418)}"
0,"{datetime.datetime(2024, 3, 13, 19, 54, 46, 830105)}"
1,"{datetime.datetime(2024, 3, 13, 19, 54, 50, 661964)}"
0,"{datetime.datetime(2024, 3, 13, 19, 55, 0, 239202)}"
1,"{datetime.datetime(2024, 3, 13, 19, 55, 5, 30449)}"
0,"{datetime.datetime(2024, 3, 13, 19, 55, 19, 397073)}"
1,"{datetime.datetime(2024, 3, 13, 19, 55, 59, 642903)}"
0,"{datetime.datetime(2024, 3, 13, 19, 57, 6, 682161)}"
1,"{datetime.datetime(2024, 3, 13, 19, 57, 55, 528695)}"
0,"{datetime.datetime(2024, 3, 13, 19, 59, 53, 929924)}"
1,"{datetime.datetime(2024, 3, 13, 19, 59, 58, 719835)}"
0,"{datetime.datetime(2024, 3, 13, 20, 0, 8, 271340)}"
1,"{datetime.datetime(2024, 3, 13, 20, 0, 16, 820523)}"
0,"{datetime.datetime(2024, 3, 13, 20, 0, 34, 907127)}"
1,"{datetime.datetime(2024, 3, 13, 20, 9, 18, 839793)}"
0,"{datetime.datetime(2024, 3, 13, 20, 9, 34, 159560)}"
1,"{datetime.datetime(2024, 3, 13, 20, 17, 0, 232067)}"
0,"{datetime.datetime(2024, 3, 13, 20, 17, 38, 541389)}"
1,"{datetime.datetime(2024, 3, 13, 20, 48, 8, 706148)}"
0,"{datetime.datetime(2024, 3, 13, 20, 48, 12, 540351)}"
1,"{datetime.datetime(2024, 3, 13, 20, 48, 46, 992317)}"
0,"{datetime.datetime(2024, 3, 13, 20, 48, 50, 824115)}"
1,"{datetime.datetime(2024, 3, 13, 21, 15, 25, 297505)}"
0,"{datetime.datetime(2024, 3, 13, 21, 15, 34, 870227)}"
1,"{datetime.datetime(2024, 3, 13, 21, 16, 57, 905081)}"
0,"{datetime.datetime(2024, 3, 13, 21, 17, 10, 364767)}"
1,"{datetime.datetime(2024, 3, 13, 21, 17, 50, 498581)}"
0,"{datetime.datetime(2024, 3, 13, 21, 18, 17, 320613)}"
1,"{datetime.datetime(2024, 3, 13, 22, 21, 14, 717638)}"
0,"{datetime.datetime(2024, 3, 13, 22, 21, 39, 492687)}"
1,"{datetime.datetime(2024, 3, 13, 22, 22, 4, 360346)}"
0,"{datetime.datetime(2024, 3, 13, 22, 22, 12, 19314)}"
1,"{datetime.datetime(2024, 3, 13, 22, 22, 25, 348304)}"
0,"{datetime.datetime(2024, 3, 13, 22, 22, 43, 427455)}"
1,"{datetime.datetime(2024, 3, 13, 22, 22, 47, 258512)}"
0,"{datetime.datetime(2024, 3, 13, 22, 23, 2, 578865)}"
1,"{datetime.datetime(2024, 3, 13, 22, 34, 54, 756117)}"
0,"{datetime.datetime(2024, 3, 13, 22, 35, 4, 338986)}"
1,"{datetime.datetime(2024, 3, 13, 22, 35, 22, 439109)}"
0,"{datetime.datetime(2024, 3, 13, 22, 35, 41, 534641)}"
1,"{datetime.datetime(2024, 3, 13, 22, 36, 8, 198993)}"
0,"{datetime.datetime(2024, 3, 13, 22, 36, 28, 300159)}"
1,"{datetime.datetime(2024, 3, 13, 22, 37, 5, 578299)}"
0,"{datetime.datetime(2024, 3, 13, 22, 37, 10, 371477)}"
1,"{datetime.datetime(2024, 3, 13, 22, 37, 20, 916593)}"
0,"{datetime.datetime(2024, 3, 13, 22, 37, 33, 366833)}"
1,"{datetime.datetime(2024, 3, 13, 22, 37, 45, 824534)}"
0,"{datetime.datetime(2024, 3, 13, 22, 38, 15, 363307)}"
1,"{datetime.datetime(2024, 3, 13, 22, 39, 55, 974939)}"
0,"{datetime.datetime(2024, 3, 13, 22, 39, 59, 807499)}"
1,"{datetime.datetime(2024, 3, 13, 22, 40, 36, 217281)}"
0,"{datetime.datetime(2024, 3, 13, 22, 41, 12, 602288)}"
1,"{datetime.datetime(2024, 3, 13, 22, 41, 31, 762909)}"
0,"{datetime.datetime(2024, 3, 13, 22, 42, 17, 758200)}"
1,"{datetime.datetime(2024, 3, 13, 22, 45, 25, 338791)}"
0,"{datetime.datetime(2024, 3, 13, 22, 46, 7, 437478)}"
1,"{datetime.datetime(2024, 3, 14, 0, 26, 55, 572810)}"
0,"{datetime.datetime(2024, 3, 14, 0, 27, 5, 137605)}"
1,"{datetime.datetime(2024, 3, 14, 1, 3, 18, 79908)}"
0,"{datetime.datetime(2024, 3, 14, 1, 3, 24, 790249)}"
1,"{datetime.datetime(2024, 3, 14, 1, 3, 43, 970462)}"
0,"{datetime.datetime(2024, 3, 14, 1, 3, 53, 561105)}"
1,"{datetime.datetime(2024, 3, 14, 1, 11, 50, 454062)}"
0,"{datetime.datetime(2024, 3, 14, 1, 12, 0, 994712)}"
1,"{datetime.datetime(2024, 3, 14, 1, 12, 24, 922298)}"
0,"{datetime.datetime(2024, 3, 14, 1, 12, 45, 824626)}"
1,"{datetime.datetime(2024, 3, 14, 1, 15, 3, 454027)}"
0,"{datetime.datetime(2024, 3, 14, 1, 15, 8, 205795)}"
1,"{datetime.datetime(2024, 3, 14, 2, 9, 32, 483793)}"
0,"{datetime.datetime(2024, 3, 14, 2, 9, 43, 867558)}"
1,"{datetime.datetime(2024, 3, 14, 2, 15, 52, 383843)}"
0,"{datetime.datetime(2024, 3, 14, 2, 16, 4, 726846)}"
1,"{datetime.datetime(2024, 3, 14, 2, 16, 21, 935651)}"
0,"{datetime.datetime(2024, 3, 14, 2, 16, 29, 604550)}"
1,"{datetime.datetime(2024, 3, 14, 2, 16, 45, 888614)}"
0,"{datetime.datetime(2024, 3, 14, 2, 17, 19, 427086)}"
1,"{datetime.datetime(2024, 3, 14, 2, 18, 34, 732626)}"
0,"{datetime.datetime(2024, 3, 14, 2, 18, 38, 536761)}"
1,"{datetime.datetime(2024, 3, 14, 2, 19, 49, 395049)}"
0,"{datetime.datetime(2024, 3, 14, 2, 19, 54, 178235)}"
1,"{datetime.datetime(2024, 3, 14, 2, 22, 19, 518130)}"
0,"{datetime.datetime(2024, 3, 14, 2, 22, 33, 888745)}"
1,"{datetime.datetime(2024, 3, 14, 2, 25, 41, 275208)}"
0,"{datetime.datetime(2024, 3, 14, 2, 26, 8, 110689)}"
1,"{datetime.datetime(2024, 3, 14, 2, 30, 2, 126837)}"
0,"{datetime.datetime(2024, 3, 14, 2, 30, 7, 869188)}"
1,"{datetime.datetime(2024, 3, 14, 2, 30, 22, 237153)}"
0,"{datetime.datetime(2024, 3, 14, 2, 30, 26, 33489)}"
1,"{datetime.datetime(2024, 3, 14, 2, 30, 31, 734549)}"
0,"{datetime.datetime(2024, 3, 14, 2, 30, 44, 91208)}"
1,"{datetime.datetime(2024, 3, 14, 2, 31, 11, 841085)}"
0,"{datetime.datetime(2024, 3, 14, 2, 31, 18, 492773)}"
1,"{datetime.datetime(2024, 3, 14, 2, 32, 20, 651928)}"
0,"{datetime.datetime(2024, 3, 14, 2, 32, 32, 150722)}"
1,"{datetime.datetime(2024, 3, 14, 2, 53, 37, 850570)}"
0,"{datetime.datetime(2024, 3, 14, 2, 53, 57, 972726)}"
1,"{datetime.datetime(2024, 3, 14, 2, 54, 2, 763380)}"
0,"{datetime.datetime(2024, 3, 14, 2, 54, 7, 555128)}"
1,"{datetime.datetime(2024, 3, 14, 2, 54, 16, 179026)}"
0,"{datetime.datetime(2024, 3, 14, 2, 54, 25, 678486)}"
1,"{datetime.datetime(2024, 3, 14, 3, 0, 6, 767199)}"
0,"{datetime.datetime(2024, 3, 14, 3, 0, 21, 146453)}"
1,"{datetime.datetime(2024, 3, 14, 3, 0, 58, 508717)}"
0,"{datetime.datetime(2024, 3, 14, 3, 1, 7, 131967)}"
1,"{datetime.datetime(2024, 3, 14, 3, 1, 33, 962121)}"
0,"{datetime.datetime(2024, 3, 14, 3, 1, 42, 584522)}"
1,"{datetime.datetime(2024, 3, 14, 5, 50, 2, 777432)}"
0,"{datetime.datetime(2024, 3, 14, 5, 50, 19, 49291)}"
1,"{datetime.datetime(2024, 3, 14, 6, 27, 3, 197851)}"
0,"{datetime.datetime(2024, 3, 14, 6, 27, 19, 463567)}"
1,"{datetime.datetime(2024, 3, 14, 6, 27, 54, 897481)}"
0,"{datetime.datetime(2024, 3, 14, 6, 28, 0, 619361)}"
1,"{datetime.datetime(2024, 3, 14, 6, 32, 5, 446795)}"
0,"{datetime.datetime(2024, 3, 14, 6, 32, 26, 528634)}"
1,"{datetime.datetime(2024, 3, 14, 6, 32, 56, 229614)}"
0,"{datetime.datetime(2024, 3, 14, 6, 33, 4, 852785)}"
1,"{datetime.datetime(2024, 3, 14, 6, 33, 20, 187449)}"
0,"{datetime.datetime(2024, 3, 14, 6, 33, 31, 686314)}"
1,"{datetime.datetime(2024, 3, 14, 8, 56, 28, 522565)}"
0,"{datetime.datetime(2024, 3, 14, 8, 56, 32, 354978)}"
1,"{datetime.datetime(2024, 3, 14, 8, 57, 43, 198370)}"
0,"{datetime.datetime(2024, 3, 14, 8, 57, 53, 635038)}"
1,"{datetime.datetime(2024, 3, 14, 8, 58, 29, 953324)}"
0,"{datetime.datetime(2024, 3, 14, 8, 58, 43, 363744)}"
1,"{datetime.datetime(2024, 3, 14, 8, 59, 1, 560096)}"
0,"{datetime.datetime(2024, 3, 14, 8, 59, 16, 886608)}"
1,"{datetime.datetime(2024, 3, 14, 8, 59, 50, 416422)}"
0,"{datetime.datetime(2024, 3, 14, 8, 59, 54, 243299)}"
1,"{datetime.datetime(2024, 3, 14, 9, 2, 23, 860288)}"
0,"{datetime.datetime(2024, 3, 14, 9, 2, 33, 429161)}"
1,"{datetime.datetime(2024, 3, 14, 9, 4, 14, 911081)}"
0,"{datetime.datetime(2024, 3, 14, 9, 4, 24, 430391)}"
1,"{datetime.datetime(2024, 3, 14, 9, 4, 42, 462478)}"
0,"{datetime.datetime(2024, 3, 14, 9, 5, 4, 488156)}"
1,"{datetime.datetime(2024, 3, 14, 9, 5, 11, 170756)}"
0,"{datetime.datetime(2024, 3, 14, 9, 5, 26, 357285)}"
1,"{datetime.datetime(2024, 3, 14, 9, 5, 41, 623199)}"
0,"{datetime.datetime(2024, 3, 14, 9, 5, 50, 244396)}"
1,"{datetime.datetime(2024, 3, 14, 9, 6, 11, 323104)}"
0,"{datetime.datetime(2024, 3, 14, 9, 6, 21, 857924)}"
1,"{datetime.datetime(2024, 3, 14, 9, 6, 25, 686553)}"
0,"{datetime.datetime(2024, 3, 14, 9, 7, 2, 101942)}"
1,"{datetime.datetime(2024, 3, 14, 9, 7, 46, 151000)}"
0,"{datetime.datetime(2024, 3, 14, 9, 7, 53, 813456)}"
1,"{datetime.datetime(2024, 3, 14, 9, 8, 26, 386875)}"
0,"{datetime.datetime(2024, 3, 14, 9, 8, 30, 221498)}"
1,"{datetime.datetime(2024, 3, 14, 9, 8, 54, 171461)}"
0,"{datetime.datetime(2024, 3, 14, 9, 9, 27, 695202)}"
1,"{datetime.datetime(2024, 3, 14, 9, 11, 18, 396396)}"
0,"{datetime.datetime(2024, 3, 14, 9, 11, 22, 231972)}"
1,"{datetime.datetime(2024, 3, 14, 9, 12, 56, 913471)}"
0,"{datetime.datetime(2024, 3, 14, 9, 13, 10, 327681)}"
1,"{datetime.datetime(2024, 3, 14, 9, 13, 26, 531093)}"
0,"{datetime.datetime(2024, 3, 14, 9, 13, 42, 789939)}"
1,"{datetime.datetime(2024, 3, 14, 9, 14, 52, 525680)}"
0,"{datetime.datetime(2024, 3, 14, 9, 15, 1, 131862)}"
1,"{datetime.datetime(2024, 3, 14, 9, 15, 29, 857262)}"
0,"{datetime.datetime(2024, 3, 14, 9, 15, 50, 898653)}"
1,"{datetime.datetime(2024, 3, 14, 9, 17, 41, 789676)}"
0,"{datetime.datetime(2024, 3, 14, 9, 18, 0, 958335)}"
1,"{datetime.datetime(2024, 3, 14, 9, 18, 34, 502370)}"
0,"{datetime.datetime(2024, 3, 14, 9, 18, 43, 127005)}"
1,"{datetime.datetime(2024, 3, 14, 9, 20, 0, 774865)}"
0,"{datetime.datetime(2024, 3, 14, 9, 20, 25, 525323)}"
1,"{datetime.datetime(2024, 3, 14, 9, 21, 21, 780229)}"
0,"{datetime.datetime(2024, 3, 14, 9, 21, 38, 57194)}"
1,"{datetime.datetime(2024, 3, 14, 9, 23, 27, 264161)}"
0,"{datetime.datetime(2024, 3, 14, 9, 24, 37, 183642)}"
1,"{datetime.datetime(2024, 3, 14, 9, 24, 41, 17879)}"
0,"{datetime.datetime(2024, 3, 14, 9, 24, 59, 219532)}"
1,"{datetime.datetime(2024, 3, 14, 9, 25, 3, 51275)}"
0,"{datetime.datetime(2024, 3, 14, 9, 25, 10, 717264)}"
1,"{datetime.datetime(2024, 3, 14, 9, 37, 57, 412541)}"
0,"{datetime.datetime(2024, 3, 14, 9, 38, 7, 955653)}"
1,"{datetime.datetime(2024, 3, 14, 9, 38, 11, 787026)}"
0,"{datetime.datetime(2024, 3, 14, 9, 38, 29, 16300)}"
1,"{datetime.datetime(2024, 3, 14, 9, 39, 23, 615452)}"
0,"{datetime.datetime(2024, 3, 14, 9, 39, 47, 561745)}"
1,"{datetime.datetime(2024, 3, 14, 9, 40, 0, 16269)}"
0,"{datetime.datetime(2024, 3, 14, 9, 42, 36, 948748)}"
1,"{datetime.datetime(2024, 3, 14, 9, 42, 40, 782555)}"
0,"{datetime.datetime(2024, 3, 14, 9, 44, 49, 917429)}"
1,"{datetime.datetime(2024, 3, 14, 9, 44, 53, 748884)}"
0,"{datetime.datetime(2024, 3, 14, 9, 46, 0, 655120)}"
1,"{datetime.datetime(2024, 3, 14, 9, 46, 6, 361862)}"
0,"{datetime.datetime(2024, 3, 14, 9, 49, 2, 146497)}"
1,"{datetime.datetime(2024, 3, 14, 9, 49, 11, 726907)}"
0,"{datetime.datetime(2024, 3, 14, 9, 51, 45, 918188)}"
1,"{datetime.datetime(2024, 3, 14, 9, 51, 50, 719317)}"
0,"{datetime.datetime(2024, 3, 14, 9, 54, 2, 741816)}"
1,"{datetime.datetime(2024, 3, 14, 10, 9, 51, 564800)}"
0,"{datetime.datetime(2024, 3, 14, 10, 9, 56, 349179)}"
1,"{datetime.datetime(2024, 3, 14, 10, 14, 2, 168939)}"
0,"{datetime.datetime(2024, 3, 14, 10, 14, 24, 45857)}"
1,"{datetime.datetime(2024, 3, 14, 10, 14, 27, 877812)}"
0,"{datetime.datetime(2024, 3, 14, 10, 14, 58, 544888)}"
1,"{datetime.datetime(2024, 3, 14, 10, 15, 12, 813413)}"
0,"{datetime.datetime(2024, 3, 14, 10, 15, 26, 232339)}"
1,"{datetime.datetime(2024, 3, 14, 10, 15, 37, 719661)}"
0,"{datetime.datetime(2024, 3, 14, 10, 15, 49, 117992)}"
1,"{datetime.datetime(2024, 3, 14, 10, 15, 55, 766034)}"
0,"{datetime.datetime(2024, 3, 14, 10, 16, 8, 113098)}"
1,"{datetime.datetime(2024, 3, 14, 10, 16, 25, 207517)}"
0,"{datetime.datetime(2024, 3, 14, 10, 16, 32, 854412)}"
1,"{datetime.datetime(2024, 3, 14, 10, 16, 49, 129187)}"
0,"{datetime.datetime(2024, 3, 14, 10, 16, 56, 792838)}"
1,"{datetime.datetime(2024, 3, 14, 10, 17, 9, 254966)}"
0,"{datetime.datetime(2024, 3, 14, 10, 17, 18, 813166)}"
1,"{datetime.datetime(2024, 3, 14, 10, 17, 26, 413299)}"
0,"{datetime.datetime(2024, 3, 14, 10, 17, 38, 763640)}"
1,"{datetime.datetime(2024, 3, 14, 10, 18, 8, 435042)}"
0,"{datetime.datetime(2024, 3, 14, 10, 18, 16, 93420)}"
1,"{datetime.datetime(2024, 3, 14, 10, 18, 41, 7611)}"
0,"{datetime.datetime(2024, 3, 14, 10, 18, 48, 674400)}"
1,"{datetime.datetime(2024, 3, 14, 10, 19, 43, 107563)}"
0,"{datetime.datetime(2024, 3, 14, 10, 19, 50, 743596)}"
1,"{datetime.datetime(2024, 3, 14, 10, 20, 45, 340596)}"
0,"{datetime.datetime(2024, 3, 14, 10, 20, 53, 6730)}"
1,"{datetime.datetime(2024, 3, 14, 10, 22, 8, 255891)}"
0,"{datetime.datetime(2024, 3, 14, 10, 22, 46, 550143)}"
1,"{datetime.datetime(2024, 3, 14, 10, 24, 16, 615563)}"
0,"{datetime.datetime(2024, 3, 14, 10, 24, 24, 261500)}"
1,"{datetime.datetime(2024, 3, 14, 10, 31, 29, 817781)}"
0,"{datetime.datetime(2024, 3, 14, 10, 31, 34, 607849)}"
1,"{datetime.datetime(2024, 3, 14, 10, 32, 44, 278594)}"
0,"{datetime.datetime(2024, 3, 14, 10, 32, 52, 899615)}"
1,"{datetime.datetime(2024, 3, 14, 10, 42, 30, 294242)}"
0,"{datetime.datetime(2024, 3, 14, 10, 42, 37, 582)}"
1,"{datetime.datetime(2024, 3, 14, 10, 54, 54, 150444)}"
0,"{datetime.datetime(2024, 3, 14, 10, 55, 1, 815670)}"
1,"{datetime.datetime(2024, 3, 14, 10, 55, 8, 521966)}"
0,"{datetime.datetime(2024, 3, 14, 10, 55, 20, 19011)}"
1,"{datetime.datetime(2024, 3, 14, 10, 55, 25, 767795)}"
0,"{datetime.datetime(2024, 3, 14, 10, 55, 32, 474777)}"
1,"{datetime.datetime(2024, 3, 14, 10, 55, 43, 969358)}"
0,"{datetime.datetime(2024, 3, 14, 10, 55, 49, 716764)}"
1,"{datetime.datetime(2024, 3, 14, 10, 56, 2, 174592)}"
0,"{datetime.datetime(2024, 3, 14, 10, 56, 15, 587631)}"
1,"{datetime.datetime(2024, 3, 14, 10, 56, 20, 374423)}"
0,"{datetime.datetime(2024, 3, 14, 10, 56, 27, 65967)}"
1,"{datetime.datetime(2024, 3, 14, 10, 56, 38, 527383)}"
0,"{datetime.datetime(2024, 3, 14, 10, 56, 50, 860084)}"
1,"{datetime.datetime(2024, 3, 14, 10, 56, 56, 589138)}"
0,"{datetime.datetime(2024, 3, 14, 10, 57, 2, 335139)}"
1,"{datetime.datetime(2024, 3, 14, 10, 57, 13, 830175)}"
0,"{datetime.datetime(2024, 3, 14, 10, 57, 21, 496212)}"
1,"{datetime.datetime(2024, 3, 14, 10, 57, 32, 34942)}"
0,"{datetime.datetime(2024, 3, 14, 10, 57, 44, 483338)}"
1,"{datetime.datetime(2024, 3, 14, 10, 57, 50, 224288)}"
0,"{datetime.datetime(2024, 3, 14, 10, 57, 56, 924862)}"
1,"{datetime.datetime(2024, 3, 14, 10, 58, 7, 462773)}"
0,"{datetime.datetime(2024, 3, 14, 10, 58, 14, 169356)}"
1,"{datetime.datetime(2024, 3, 14, 11, 0, 49, 255561)}"
0,"{datetime.datetime(2024, 3, 14, 11, 0, 54, 37496)}"
1,"{datetime.datetime(2024, 3, 14, 11, 5, 32, 1889)}"
0,"{datetime.datetime(2024, 3, 14, 11, 5, 37, 749469)}"
1,"{datetime.datetime(2024, 3, 14, 11, 22, 2, 113518)}"
0,"{datetime.datetime(2024, 3, 14, 11, 22, 44, 124027)}"
1,"{datetime.datetime(2024, 3, 14, 11, 23, 35, 796822)}"
0,"{datetime.datetime(2024, 3, 14, 11, 23, 39, 630262)}"
1,"{datetime.datetime(2024, 3, 14, 11, 49, 49, 22782)}"
0,"{datetime.datetime(2024, 3, 14, 11, 49, 57, 643246)}"
1,"{datetime.datetime(2024, 3, 14, 11, 52, 29, 570869)}"
0,"{datetime.datetime(2024, 3, 14, 11, 52, 53, 523576)}"
1,"{datetime.datetime(2024, 3, 14, 11, 53, 40, 416483)}"
0,"{datetime.datetime(2024, 3, 14, 11, 53, 48, 67890)}"
1,"{datetime.datetime(2024, 3, 14, 12, 15, 55, 810332)}"
0,"{datetime.datetime(2024, 3, 14, 12, 16, 1, 560992)}"
1,"{datetime.datetime(2024, 3, 14, 12, 29, 31, 325105)}"
0,"{datetime.datetime(2024, 3, 14, 12, 29, 35, 158712)}"
1,"{datetime.datetime(2024, 3, 14, 12, 33, 49, 769383)}"
0,"{datetime.datetime(2024, 3, 14, 12, 34, 0, 219621)}"
1,"{datetime.datetime(2024, 3, 14, 12, 44, 25, 733562)}"
0,"{datetime.datetime(2024, 3, 14, 12, 44, 36, 276881)}"
1,"{datetime.datetime(2024, 3, 14, 12, 51, 16, 767322)}"
0,"{datetime.datetime(2024, 3, 14, 12, 51, 25, 386182)}"
1,"{datetime.datetime(2024, 3, 14, 12, 54, 8, 156370)}"
0,"{datetime.datetime(2024, 3, 14, 12, 54, 13, 898266)}"
1,"{datetime.datetime(2024, 3, 14, 12, 55, 4, 555340)}"
0,"{datetime.datetime(2024, 3, 14, 12, 55, 12, 224516)}"
1,"{datetime.datetime(2024, 3, 14, 12, 55, 16, 58179)}"
0,"{datetime.datetime(2024, 3, 14, 12, 55, 22, 766654)}"
1,"{datetime.datetime(2024, 3, 14, 12, 55, 58, 59591)}"
0,"{datetime.datetime(2024, 3, 14, 12, 56, 7, 567493)}"
1,"{datetime.datetime(2024, 3, 14, 13, 20, 35, 22286)}"
0,"{datetime.datetime(2024, 3, 14, 13, 20, 49, 329882)}"
1,"{datetime.datetime(2024, 3, 14, 13, 21, 15, 984479)}"
0,"{datetime.datetime(2024, 3, 14, 13, 21, 44, 700499)}"
1,"{datetime.datetime(2024, 3, 14, 13, 21, 51, 404834)}"
0,"{datetime.datetime(2024, 3, 14, 13, 22, 2, 893204)}"
1,"{datetime.datetime(2024, 3, 14, 13, 38, 20, 942099)}"
0,"{datetime.datetime(2024, 3, 14, 13, 38, 32, 434428)}"
1,"{datetime.datetime(2024, 3, 14, 13, 38, 37, 225308)}"
0,"{datetime.datetime(2024, 3, 14, 13, 38, 43, 935061)}"
1,"{datetime.datetime(2024, 3, 14, 13, 43, 17, 777884)}"
0,"{datetime.datetime(2024, 3, 14, 13, 43, 21, 609122)}"
1,"{datetime.datetime(2024, 3, 14, 13, 43, 26, 397173)}"
0,"{datetime.datetime(2024, 3, 14, 13, 43, 35, 16872)}"
1,"{datetime.datetime(2024, 3, 14, 13, 59, 23, 135733)}"
0,"{datetime.datetime(2024, 3, 14, 13, 59, 33, 673647)}"
1,"{datetime.datetime(2024, 3, 14, 14, 1, 33, 302439)}"
0,"{datetime.datetime(2024, 3, 14, 14, 1, 48, 608391)}"
1,"{datetime.datetime(2024, 3, 14, 14, 3, 2, 322112)}"
0,"{datetime.datetime(2024, 3, 14, 14, 3, 8, 67681)}"
1,"{datetime.datetime(2024, 3, 14, 14, 5, 44, 715889)}"
0,"{datetime.datetime(2024, 3, 14, 14, 5, 48, 548266)}"
1,"{datetime.datetime(2024, 3, 14, 14, 14, 42, 309649)}"
0,"{datetime.datetime(2024, 3, 14, 14, 14, 49, 973904)}"
1,"{datetime.datetime(2024, 3, 14, 14, 18, 53, 8017)}"
0,"{datetime.datetime(2024, 3, 14, 14, 18, 59, 659343)}"
1,"{datetime.datetime(2024, 3, 14, 14, 54, 17, 826512)}"
0,"{datetime.datetime(2024, 3, 14, 14, 54, 26, 374296)}"
1,"{datetime.datetime(2024, 3, 14, 14, 56, 27, 51068)}"
0,"{datetime.datetime(2024, 3, 14, 14, 57, 5, 391928)}"
1,"{datetime.datetime(2024, 3, 14, 15, 30, 25, 677398)}"
0,"{datetime.datetime(2024, 3, 14, 15, 30, 39, 947663)}"
1,"{datetime.datetime(2024, 3, 14, 15, 37, 34, 788108)}"
0,"{datetime.datetime(2024, 3, 14, 15, 37, 54, 903102)}"
1,"{datetime.datetime(2024, 3, 14, 15, 38, 28, 406793)}"
0,"{datetime.datetime(2024, 3, 14, 15, 38, 35, 104033)}"
1,"{datetime.datetime(2024, 3, 14, 17, 3, 28, 6240)}"
0,"{datetime.datetime(2024, 3, 14, 17, 4, 7, 223030)}"
1,"{datetime.datetime(2024, 3, 14, 17, 4, 12, 15478)}"
0,"{datetime.datetime(2024, 3, 14, 17, 4, 20, 639865)}"
1,"{datetime.datetime(2024, 3, 14, 17, 50, 53, 956837)}"
0,"{datetime.datetime(2024, 3, 14, 17, 51, 8, 329207)}"
1,"{datetime.datetime(2024, 3, 14, 19, 2, 39, 796585)}"
0,"{datetime.datetime(2024, 3, 14, 19, 3, 23, 863841)}"
1,"{datetime.datetime(2024, 3, 14, 19, 3, 33, 441807)}"
0,"{datetime.datetime(2024, 3, 14, 19, 3, 39, 190172)}"
1,"{datetime.datetime(2024, 3, 14, 20, 7, 51, 360500)}"
0,"{datetime.datetime(2024, 3, 14, 20, 7, 56, 148962)}"
1,"{datetime.datetime(2024, 3, 14, 20, 23, 50, 529240)}"
0,"{datetime.datetime(2024, 3, 14, 20, 24, 10, 632744)}"
1,"{datetime.datetime(2024, 3, 14, 20, 34, 55, 946894)}"
0,"{datetime.datetime(2024, 3, 14, 20, 35, 10, 317489)}"
1,"{datetime.datetime(2024, 3, 14, 20, 35, 20, 774844)}"
0,"{datetime.datetime(2024, 3, 14, 20, 35, 50, 338054)}"
1,"{datetime.datetime(2024, 3, 14, 20, 36, 3, 751592)}"
0,"{datetime.datetime(2024, 3, 14, 20, 36, 16, 205386)}"
1,"{datetime.datetime(2024, 3, 14, 20, 36, 22, 911896)}"
0,"{datetime.datetime(2024, 3, 14, 20, 36, 40, 157832)}"
1,"{datetime.datetime(2024, 3, 14, 20, 36, 46, 864181)}"
0,"{datetime.datetime(2024, 3, 14, 20, 37, 0, 258560)}"
1,"{datetime.datetime(2024, 3, 14, 20, 37, 11, 756046)}"
0,"{datetime.datetime(2024, 3, 14, 20, 37, 28, 42726)}"
1,"{datetime.datetime(2024, 3, 14, 20, 37, 35, 709111)}"
0,"{datetime.datetime(2024, 3, 14, 20, 37, 51, 38668)}"
1,"{datetime.datetime(2024, 3, 14, 20, 37, 59, 662457)}"
0,"{datetime.datetime(2024, 3, 14, 20, 38, 9, 244195)}"
1,"{datetime.datetime(2024, 3, 14, 20, 39, 12, 282455)}"
0,"{datetime.datetime(2024, 3, 14, 20, 39, 24, 636475)}"
1,"{datetime.datetime(2024, 3, 14, 20, 42, 41, 373421)}"
0,"{datetime.datetime(2024, 3, 14, 20, 42, 54, 769480)}"
1,"{datetime.datetime(2024, 3, 14, 20, 42, 58, 596591)}"
0,"{datetime.datetime(2024, 3, 14, 20, 43, 21, 573189)}"
1,"{datetime.datetime(2024, 3, 14, 20, 43, 34, 24441)}"
0,"{datetime.datetime(2024, 3, 14, 20, 43, 39, 770709)}"
1,"{datetime.datetime(2024, 3, 14, 20, 43, 44, 559609)}"
0,"{datetime.datetime(2024, 3, 14, 20, 43, 57, 979809)}"
1,"{datetime.datetime(2024, 3, 14, 20, 44, 10, 430140)}"
0,"{datetime.datetime(2024, 3, 14, 20, 44, 17, 137528)}"
1,"{datetime.datetime(2024, 3, 14, 20, 47, 41, 353360)}"
0,"{datetime.datetime(2024, 3, 14, 20, 47, 48, 51313)}"
1,"{datetime.datetime(2024, 3, 14, 20, 53, 5, 804599)}"
0,"{datetime.datetime(2024, 3, 14, 20, 53, 11, 510975)}"
1,"{datetime.datetime(2024, 3, 14, 20, 53, 35, 312870)}"
0,"{datetime.datetime(2024, 3, 14, 20, 56, 23, 265805)}"
1,"{datetime.datetime(2024, 3, 14, 20, 59, 16, 36784)}"
0,"{datetime.datetime(2024, 3, 14, 20, 59, 35, 153074)}"
1,"{datetime.datetime(2024, 3, 14, 20, 59, 49, 526147)}"
0,"{datetime.datetime(2024, 3, 14, 21, 0, 1, 981130)}"
1,"{datetime.datetime(2024, 3, 14, 21, 8, 9, 216391)}"
0,"{datetime.datetime(2024, 3, 14, 21, 8, 13, 12839)}"
1,"{datetime.datetime(2024, 3, 14, 21, 11, 48, 536457)}"
0,"{datetime.datetime(2024, 3, 14, 21, 11, 52, 365040)}"
1,"{datetime.datetime(2024, 3, 14, 21, 11, 57, 147123)}"
0,"{datetime.datetime(2024, 3, 14, 21, 12, 10, 451292)}"
1,"{datetime.datetime(2024, 3, 14, 21, 12, 21, 893889)}"
0,"{datetime.datetime(2024, 3, 14, 21, 13, 15, 547251)}"
1,"{datetime.datetime(2024, 3, 14, 21, 13, 30, 886345)}"
0,"{datetime.datetime(2024, 3, 14, 21, 13, 41, 428566)}"
1,"{datetime.datetime(2024, 3, 14, 21, 13, 55, 790481)}"
0,"{datetime.datetime(2024, 3, 14, 21, 14, 3, 453665)}"
1,"{datetime.datetime(2024, 3, 14, 21, 14, 19, 736019)}"
0,"{datetime.datetime(2024, 3, 14, 21, 14, 27, 401957)}"
1,"{datetime.datetime(2024, 3, 14, 21, 14, 43, 684532)}"
0,"{datetime.datetime(2024, 3, 14, 21, 14, 51, 348963)}"
1,"{datetime.datetime(2024, 3, 14, 21, 15, 13, 384024)}"
0,"{datetime.datetime(2024, 3, 14, 21, 15, 20, 88833)}"
1,"{datetime.datetime(2024, 3, 14, 21, 15, 56, 498376)}"
0,"{datetime.datetime(2024, 3, 14, 21, 16, 2, 248271)}"
1,"{datetime.datetime(2024, 3, 14, 21, 16, 30, 37559)}"
0,"{datetime.datetime(2024, 3, 14, 21, 16, 37, 701290)}"
1,"{datetime.datetime(2024, 3, 14, 21, 17, 4, 544927)}"
0,"{datetime.datetime(2024, 3, 14, 21, 17, 10, 294811)}"
1,"{datetime.datetime(2024, 3, 14, 21, 17, 37, 120941)}"
0,"{datetime.datetime(2024, 3, 14, 21, 17, 41, 911484)}"
1,"{datetime.datetime(2024, 3, 14, 21, 18, 9, 694693)}"
0,"{datetime.datetime(2024, 3, 14, 21, 18, 18, 300912)}"
1,"{datetime.datetime(2024, 3, 14, 21, 19, 39, 341233)}"
0,"{datetime.datetime(2024, 3, 14, 21, 19, 45, 91591)}"
1,"{datetime.datetime(2024, 3, 14, 21, 26, 8, 560135)}"
0,"{datetime.datetime(2024, 3, 14, 21, 26, 16, 221853)}"
1,"{datetime.datetime(2024, 3, 14, 21, 29, 8, 420698)}"
0,"{datetime.datetime(2024, 3, 14, 21, 29, 13, 210404)}"
1,"{datetime.datetime(2024, 3, 14, 21, 44, 1, 11921)}"
0,"{datetime.datetime(2024, 3, 14, 21, 44, 4, 846585)}"
1,"{datetime.datetime(2024, 3, 14, 21, 44, 47, 943081)}"
0,"{datetime.datetime(2024, 3, 14, 21, 44, 54, 635617)}"
1,"{datetime.datetime(2024, 3, 14, 21, 45, 48, 241157)}"
0,"{datetime.datetime(2024, 3, 14, 21, 45, 54, 946482)}"
1,"{datetime.datetime(2024, 3, 14, 21, 50, 48, 121851)}"
0,"{datetime.datetime(2024, 3, 14, 21, 50, 51, 953523)}"
1,"{datetime.datetime(2024, 3, 14, 21, 50, 59, 615748)}"
0,"{datetime.datetime(2024, 3, 14, 21, 51, 7, 287163)}"
1,"{datetime.datetime(2024, 3, 14, 21, 51, 13, 34092)}"
0,"{datetime.datetime(2024, 3, 14, 21, 51, 19, 741655)}"
1,"{datetime.datetime(2024, 3, 14, 21, 51, 31, 196126)}"
0,"{datetime.datetime(2024, 3, 14, 21, 51, 37, 836254)}"
1,"{datetime.datetime(2024, 3, 14, 21, 51, 41, 635567)}"
0,"{datetime.datetime(2024, 3, 14, 21, 51, 45, 435882)}"
1,"{datetime.datetime(2024, 3, 14, 21, 51, 49, 235475)}"
0,"{datetime.datetime(2024, 3, 14, 21, 51, 55, 918916)}"
1,"{datetime.datetime(2024, 3, 14, 21, 52, 7, 397564)}"
0,"{datetime.datetime(2024, 3, 14, 21, 52, 13, 137096)}"
1,"{datetime.datetime(2024, 3, 14, 21, 52, 24, 630078)}"
0,"{datetime.datetime(2024, 3, 14, 21, 52, 31, 336955)}"
1,"{datetime.datetime(2024, 3, 14, 21, 52, 42, 823800)}"
0,"{datetime.datetime(2024, 3, 14, 21, 52, 49, 472493)}"
1,"{datetime.datetime(2024, 3, 14, 21, 53, 0, 870684)}"
0,"{datetime.datetime(2024, 3, 14, 21, 53, 14, 235387)}"
1,"{datetime.datetime(2024, 3, 14, 21, 53, 19, 24580)}"
0,"{datetime.datetime(2024, 3, 14, 21, 53, 24, 772544)}"
1,"{datetime.datetime(2024, 3, 14, 21, 53, 37, 228198)}"
0,"{datetime.datetime(2024, 3, 14, 21, 53, 42, 976337)}"
1,"{datetime.datetime(2024, 3, 14, 21, 55, 15, 897357)}"
0,"{datetime.datetime(2024, 3, 14, 21, 55, 22, 601352)}"
1,"{datetime.datetime(2024, 3, 14, 21, 56, 19, 849974)}"
0,"{datetime.datetime(2024, 3, 14, 21, 56, 24, 640201)}"
1,"{datetime.datetime(2024, 3, 14, 22, 4, 45, 632537)}"
0,"{datetime.datetime(2024, 3, 14, 22, 4, 49, 467041)}"
1,"{datetime.datetime(2024, 3, 14, 22, 25, 27, 751334)}"
0,"{datetime.datetime(2024, 3, 14, 22, 25, 40, 188630)}"
1,"{datetime.datetime(2024, 3, 14, 22, 29, 29, 948398)}"
0,"{datetime.datetime(2024, 3, 14, 22, 30, 24, 494907)}"
1,"{datetime.datetime(2024, 3, 15, 0, 47, 23, 989324)}"
0,"{datetime.datetime(2024, 3, 15, 0, 47, 35, 411613)}"
1,"{datetime.datetime(2024, 3, 15, 1, 5, 35, 869776)}"
0,"{datetime.datetime(2024, 3, 15, 1, 5, 42, 580760)}"
1,"{datetime.datetime(2024, 3, 15, 1, 8, 34, 77959)}"
0,"{datetime.datetime(2024, 3, 15, 1, 8, 52, 281042)}"
1,"{datetime.datetime(2024, 3, 15, 1, 11, 51, 348076)}"
0,"{datetime.datetime(2024, 3, 15, 1, 12, 22, 715787)}"
1,"{datetime.datetime(2024, 3, 15, 1, 12, 36, 105279)}"
0,"{datetime.datetime(2024, 3, 15, 1, 12, 39, 932826)}"
1,"{datetime.datetime(2024, 3, 15, 1, 21, 13, 314845)}"
0,"{datetime.datetime(2024, 3, 15, 1, 21, 26, 732941)}"
1,"{datetime.datetime(2024, 3, 15, 1, 34, 44, 489568)}"
0,"{datetime.datetime(2024, 3, 15, 1, 35, 3, 547737)}"
1,"{datetime.datetime(2024, 3, 15, 1, 35, 11, 196971)}"
0,"{datetime.datetime(2024, 3, 15, 1, 35, 29, 389966)}"
1,"{datetime.datetime(2024, 3, 15, 1, 35, 49, 511830)}"
0,"{datetime.datetime(2024, 3, 15, 1, 36, 17, 296873)}"
1,"{datetime.datetime(2024, 3, 15, 1, 38, 1, 479718)}"
0,"{datetime.datetime(2024, 3, 15, 1, 38, 9, 137474)}"
1,"{datetime.datetime(2024, 3, 15, 1, 38, 19, 675414)}"
0,"{datetime.datetime(2024, 3, 15, 1, 38, 27, 340071)}"
1,"{datetime.datetime(2024, 3, 15, 1, 39, 0, 863735)}"
0,"{datetime.datetime(2024, 3, 15, 1, 39, 4, 696636)}"
1,"{datetime.datetime(2024, 3, 15, 1, 43, 37, 278739)}"
0,"{datetime.datetime(2024, 3, 15, 1, 43, 41, 87275)}"
1,"{datetime.datetime(2024, 3, 15, 1, 43, 47, 793754)}"
0,"{datetime.datetime(2024, 3, 15, 1, 43, 54, 500168)}"
1,"{datetime.datetime(2024, 3, 15, 1, 45, 59, 510698)}"
0,"{datetime.datetime(2024, 3, 15, 1, 46, 3, 335596)}"
1,"{datetime.datetime(2024, 3, 15, 1, 53, 44, 680683)}"
0,"{datetime.datetime(2024, 3, 15, 1, 53, 53, 291525)}"
1,"{datetime.datetime(2024, 3, 15, 1, 58, 3, 867067)}"
0,"{datetime.datetime(2024, 3, 15, 1, 58, 9, 614293)}"
1,"{datetime.datetime(2024, 3, 15, 1, 59, 34, 868340)}"
0,"{datetime.datetime(2024, 3, 15, 1, 59, 38, 699285)}"
1,"{datetime.datetime(2024, 3, 15, 2, 13, 40, 910641)}"
0,"{datetime.datetime(2024, 3, 15, 2, 14, 24, 800724)}"
1,"{datetime.datetime(2024, 3, 15, 2, 19, 35, 389075)}"
0,"{datetime.datetime(2024, 3, 15, 2, 19, 46, 883716)}"
1,"{datetime.datetime(2024, 3, 15, 2, 20, 5, 74466)}"
0,"{datetime.datetime(2024, 3, 15, 2, 20, 12, 737400)}"
1,"{datetime.datetime(2024, 3, 15, 2, 20, 52, 756743)}"
0,"{datetime.datetime(2024, 3, 15, 2, 21, 0, 404687)}"
1,"{datetime.datetime(2024, 3, 15, 2, 21, 32, 951947)}"
0,"{datetime.datetime(2024, 3, 15, 2, 21, 38, 700150)}"
1,"{datetime.datetime(2024, 3, 15, 2, 24, 21, 450918)}"
0,"{datetime.datetime(2024, 3, 15, 2, 24, 28, 158895)}"
1,"{datetime.datetime(2024, 3, 15, 2, 27, 56, 41978)}"
0,"{datetime.datetime(2024, 3, 15, 2, 28, 7, 537211)}"
1,"{datetime.datetime(2024, 3, 15, 2, 28, 15, 199075)}"
0,"{datetime.datetime(2024, 3, 15, 2, 28, 22, 861993)}"
1,"{datetime.datetime(2024, 3, 15, 5, 28, 20, 988564)}"
0,"{datetime.datetime(2024, 3, 15, 5, 28, 32, 470677)}"
1,"{datetime.datetime(2024, 3, 15, 6, 34, 35, 500757)}"
0,"{datetime.datetime(2024, 3, 15, 6, 34, 48, 911079)}"
1,"{datetime.datetime(2024, 3, 15, 6, 34, 59, 445020)}"
0,"{datetime.datetime(2024, 3, 15, 6, 35, 6, 142949)}"
1,"{datetime.datetime(2024, 3, 15, 6, 35, 27, 220985)}"
0,"{datetime.datetime(2024, 3, 15, 6, 35, 33, 928477)}"
1,"{datetime.datetime(2024, 3, 15, 6, 38, 36, 930997)}"
0,"{datetime.datetime(2024, 3, 15, 6, 38, 50, 344246)}"
1,"{datetime.datetime(2024, 3, 15, 6, 39, 45, 900901)}"
0,"{datetime.datetime(2024, 3, 15, 6, 39, 54, 525311)}"
1,"{datetime.datetime(2024, 3, 15, 6, 40, 28, 61901)}"
0,"{datetime.datetime(2024, 3, 15, 6, 40, 42, 435252)}"
1,"{datetime.datetime(2024, 3, 15, 6, 46, 53, 139843)}"
0,"{datetime.datetime(2024, 3, 15, 6, 46, 58, 887309)}"
1,"{datetime.datetime(2024, 3, 15, 6, 49, 10, 168739)}"
0,"{datetime.datetime(2024, 3, 15, 6, 49, 14, 1689)}"
1,"{datetime.datetime(2024, 3, 15, 7, 49, 41, 107921)}"
0,"{datetime.datetime(2024, 3, 15, 7, 49, 44, 938755)}"
1,"{datetime.datetime(2024, 3, 15, 7, 50, 54, 480488)}"
0,"{datetime.datetime(2024, 3, 15, 7, 51, 3, 984194)}"
1,"{datetime.datetime(2024, 3, 15, 8, 35, 46, 785641)}"
0,"{datetime.datetime(2024, 3, 15, 8, 36, 19, 344184)}"
1,"{datetime.datetime(2024, 3, 15, 8, 36, 54, 795490)}"
0,"{datetime.datetime(2024, 3, 15, 8, 37, 16, 833583)}"
1,"{datetime.datetime(2024, 3, 15, 8, 37, 21, 623613)}"
0,"{datetime.datetime(2024, 3, 15, 8, 37, 29, 288454)}"
1,"{datetime.datetime(2024, 3, 15, 8, 38, 6, 665323)}"
0,"{datetime.datetime(2024, 3, 15, 8, 42, 51, 699064)}"
1,"{datetime.datetime(2024, 3, 15, 8, 43, 6, 71474)}"
0,"{datetime.datetime(2024, 3, 15, 8, 45, 54, 577912)}"
1,"{datetime.datetime(2024, 3, 15, 8, 46, 10, 867630)}"
0,"{datetime.datetime(2024, 3, 15, 8, 51, 31, 364951)}"
1,"{datetime.datetime(2024, 3, 15, 9, 30, 54, 766911)}"
0,"{datetime.datetime(2024, 3, 15, 9, 31, 9, 140258)}"
1,"{datetime.datetime(2024, 3, 15, 9, 42, 11, 705915)}"
0,"{datetime.datetime(2024, 3, 15, 9, 42, 39, 484533)}"
1,"{datetime.datetime(2024, 3, 15, 9, 42, 49, 63779)}"
0,"{datetime.datetime(2024, 3, 15, 9, 42, 58, 641792)}"
1,"{datetime.datetime(2024, 3, 15, 9, 44, 35, 158118)}"
0,"{datetime.datetime(2024, 3, 15, 9, 44, 42, 811570)}"
1,"{datetime.datetime(2024, 3, 15, 9, 46, 14, 545781)}"
0,"{datetime.datetime(2024, 3, 15, 9, 47, 1, 297798)}"
1,"{datetime.datetime(2024, 3, 15, 9, 47, 42, 455172)}"
0,"{datetime.datetime(2024, 3, 15, 9, 47, 49, 161998)}"
1,"{datetime.datetime(2024, 3, 15, 9, 49, 23, 838622)}"
0,"{datetime.datetime(2024, 3, 15, 9, 49, 27, 670136)}"
1,"{datetime.datetime(2024, 3, 15, 9, 52, 22, 371760)}"
0,"{datetime.datetime(2024, 3, 15, 9, 52, 32, 896688)}"
1,"{datetime.datetime(2024, 3, 15, 9, 52, 42, 459707)}"
0,"{datetime.datetime(2024, 3, 15, 9, 52, 49, 156780)}"
1,"{datetime.datetime(2024, 3, 15, 9, 52, 58, 722516)}"
0,"{datetime.datetime(2024, 3, 15, 9, 53, 16, 904398)}"
1,"{datetime.datetime(2024, 3, 15, 11, 53, 43, 743994)}"
0,"{datetime.datetime(2024, 3, 15, 11, 53, 48, 494918)}"
1,"{datetime.datetime(2024, 3, 15, 11, 53, 59, 896408)}"
0,"{datetime.datetime(2024, 3, 15, 11, 54, 8, 451500)}"
1,"{datetime.datetime(2024, 3, 15, 11, 54, 41, 821453)}"
0,"{datetime.datetime(2024, 3, 15, 11, 54, 45, 654962)}"
1,"{datetime.datetime(2024, 3, 15, 12, 22, 45, 184044)}"
0,"{datetime.datetime(2024, 3, 15, 12, 22, 50, 930614)}"
1,"{datetime.datetime(2024, 3, 15, 12, 24, 46, 682408)}"
0,"{datetime.datetime(2024, 3, 15, 12, 24, 56, 263025)}"
1,"{datetime.datetime(2024, 3, 15, 13, 6, 37, 768199)}"
0,"{datetime.datetime(2024, 3, 15, 13, 6, 54, 60885)}"
1,"{datetime.datetime(2024, 3, 15, 13, 7, 32, 389967)}"
0,"{datetime.datetime(2024, 3, 15, 13, 8, 12, 632113)}"
1,"{datetime.datetime(2024, 3, 15, 13, 13, 14, 157818)}"
0,"{datetime.datetime(2024, 3, 15, 13, 13, 31, 256110)}"
1,"{datetime.datetime(2024, 3, 15, 15, 0, 50, 879404)}"
0,"{datetime.datetime(2024, 3, 15, 15, 1, 0, 462552)}"
1,"{datetime.datetime(2024, 3, 15, 15, 23, 23, 790059)}"
0,"{datetime.datetime(2024, 3, 15, 15, 23, 45, 613687)}"
1,"{datetime.datetime(2024, 3, 15, 15, 24, 56, 315699)}"
0,"{datetime.datetime(2024, 3, 15, 15, 25, 5, 858018)}"
1,"{datetime.datetime(2024, 3, 15, 15, 34, 18, 300012)}"
0,"{datetime.datetime(2024, 3, 15, 15, 34, 43, 196239)}"
1,"{datetime.datetime(2024, 3, 15, 15, 35, 13, 828806)}"
0,"{datetime.datetime(2024, 3, 15, 15, 35, 27, 228213)}"
1,"{datetime.datetime(2024, 3, 15, 15, 40, 54, 800320)}"
0,"{datetime.datetime(2024, 3, 15, 15, 40, 58, 626865)}"
1,"{datetime.datetime(2024, 3, 15, 15, 48, 53, 55429)}"
0,"{datetime.datetime(2024, 3, 15, 15, 49, 3, 516098)}"
1,"{datetime.datetime(2024, 3, 15, 17, 6, 24, 709043)}"
0,"{datetime.datetime(2024, 3, 15, 17, 6, 29, 96117)}"
